{
  "auc": 0.9943783068783069,
  "f1": 0.9793103448275862
}