{
  "auc": 0.9963624338624338,
  "f1": 0.9863013698630136
}