{
  "auc": 0.9973544973544973,
  "f1": 0.9790209790209791
}