{
  "auc": 0.9986772486772486,
  "f1": 0.993103448275862
}